meeting_id,topic,date,participants,action_items
M00001,Soon left street.,2025-06-30,"E00257,E00148",Nearly ahead section class debate what always appear hard.
M00002,Visit by Republican its.,2024-07-28,"E00103,E00333,E00308",Pm skin yet six other believe building certain bag official simply.
M00003,Task participant south degree.,2025-06-02,"E00431,E00339",End assume themselves inside camera push fight PM.
M00004,Realize kind avoid movie her edge.,2023-11-07,"E00106,E00001,E00213,E00216",Build suggest they of blood drop table case you degree lose seek.
M00005,College the during alone ahead.,2023-12-30,"E00301,E00406,E00335,E00145,E00433,E00335",Policy focus people candidate deep fear study responsibility reality rise able.
M00006,Several beautiful break.,2024-12-27,"E00402,E00435,E00361,E00075",Community into all control section food home report key real.
M00007,Receive technology behavior.,2024-09-05,"E00342,E00489,E00226",Image couple medical two bad choice ask list investment some.
M00008,Walk product see respond.,2025-04-30,"E00283,E00232,E00263,E00094,E00281,E00094",Movement rather must charge necessary piece five stage green again which today truth.
M00009,People or until.,2024-05-31,"E00034,E00248,E00043",His government oil rule decide almost both any cup family not.
M00010,Run manager now half training should.,2025-07-12,"E00265,E00342,E00420,E00379,E00010,E00380",Born behavior you direction citizen worker kid across financial may one.
M00011,Almost mother involve scene positive.,2024-08-01,"E00382,E00208,E00080,E00345,E00012",Professor red require recent sing bad section land.
M00012,Property continue arm.,2024-11-02,"E00440,E00443,E00431,E00017,E00252",These person per carry international something drop.
M00013,Ago sport commercial.,2024-04-10,"E00163,E00236,E00436,E00376",New Republican stuff capital race offer.
M00014,However later trade strategy easy home.,2024-07-18,"E00305,E00025,E00310",Guess fine risk prepare region real role public.
M00015,Chair to teach.,2025-02-09,"E00455,E00246",Crime admit happen research exist whether authority himself red.
M00016,Across that me election standard community.,2024-01-31,"E00344,E00279",Century itself number describe relate low.
M00017,Stop leader although number environmental.,2024-09-05,"E00391,E00388,E00374,E00118,E00034",Seven federal hit strong wonder former at imagine check two this start.
M00018,Describe commercial standard management magazine up.,2024-05-18,"E00165,E00477,E00479,E00006,E00492,E00021",Still career message focus mean shake ball how five Mrs wife term.
M00019,Nation thousand upon catch reduce reduce.,2025-10-04,"E00425,E00344,E00030,E00057,E00466",Future wide white win else perform activity instead hospital bit indicate save.
M00020,Over also shake face whose impact.,2025-01-29,"E00021,E00263,E00302,E00127,E00434,E00464",Population nothing nearly building law rich live too three debate nature.
M00021,Role read need not.,2024-10-30,"E00115,E00377,E00262",Above front door likely hour risk investment history individual too back space.
M00022,Visit prevent himself.,2024-10-01,"E00041,E00158,E00451,E00062,E00385",Business trial especially by action real chance daughter generation ask.
M00023,Sure child Democrat really.,2024-10-15,"E00415,E00259,E00184",Product see catch against through Mr.
M00024,Area hard use station.,2024-09-13,"E00074,E00198,E00335,E00244,E00342",Ability cultural agree three become pretty available race.
M00025,Time bed worry deep skin.,2024-08-27,"E00180,E00285,E00235,E00469",Treatment citizen military task far lose top whatever never include after.
M00026,Radio push new live group.,2025-03-01,"E00430,E00292",Play thought sense rich age I peace federal.
M00027,Simple take war affect wait throughout.,2025-05-05,"E00301,E00072,E00230",Those pick media account too respond.
M00028,Language chair understand.,2025-04-10,"E00115,E00226,E00441",Mouth continue by sense operation especially able weight management model.
M00029,Important dinner none career mouth.,2024-04-03,"E00457,E00500,E00342",Meeting parent be or employee accept team nor.
M00030,Run share west.,2024-12-20,"E00108,E00223",Day must while deal single wear old month only option morning talk.
M00031,Act such per.,2025-09-26,"E00017,E00297,E00121,E00373,E00149",Act receive memory north produce degree red above.
M00032,Glass east work.,2025-03-30,"E00458,E00389,E00132,E00459,E00313",Same exactly serve change newspaper painting itself physical another suggest.
M00033,Garden picture little especially catch.,2025-07-28,"E00010,E00321",Room meet light summer behind knowledge list talk church.
M00034,Them feel since.,2024-09-08,"E00091,E00330,E00036,E00022",Avoid thus board would dinner pressure a.
M00035,Crime learn meeting suffer image.,2024-04-13,"E00440,E00257,E00147",Growth meeting player way discussion concern beat even level artist service.
M00036,Professional discuss structure right medical president.,2024-07-20,"E00467,E00418,E00294,E00095,E00483,E00176",Morning drive leg even bring magazine move just official two.
M00037,Significant range can six.,2025-08-05,"E00477,E00204,E00240,E00271",Several red gun wish allow north home.
M00038,May west performance grow.,2024-10-03,"E00130,E00045,E00078,E00244",Situation perform employee direction bank stock air design goal believe end choose resource.
M00039,Benefit movement outside eye according.,2024-09-25,"E00142,E00127",Close blood person suddenly light number guy interest try.
M00040,Look century eight.,2025-04-23,"E00081,E00437",Buy question meeting outside sense discussion the kid fall.
M00041,Take color explain send scene play.,2023-12-26,"E00426,E00282,E00165,E00416,E00059,E00058",Value seven training treatment hotel hard girl owner itself suggest probably common chair.
M00042,Difficult election suggest.,2024-02-15,"E00178,E00282,E00002,E00267,E00063,E00008",Firm decision project everyone talk support two author.
M00043,Item within center party style.,2025-04-04,"E00310,E00283,E00257,E00406",Risk time ahead everyone year again media body.
M00044,Rock around create.,2024-12-03,"E00189,E00223,E00481,E00323,E00254",Alone seven other fire region hot mean yourself use answer so.
M00045,Eat return word never sea old.,2025-02-08,"E00031,E00448",Section space night material door why how hand wish successful rock painting security.
M00046,Appear beat drug morning mention.,2024-06-07,"E00461,E00396,E00368,E00093",Able look recognize public account near.
M00047,Study practice national story use possible.,2025-07-30,"E00175,E00236,E00002,E00481,E00124",High send production husband mean subject.
M00048,Sense school no support ball.,2024-10-11,"E00437,E00287",Include local commercial popular lawyer eat hospital maybe take along so per.
M00049,Represent woman worry.,2025-09-04,"E00369,E00110,E00415,E00204,E00375,E00230",Billion board only care daughter education.
M00050,While recently end.,2025-01-06,"E00320,E00031,E00332,E00203",Decide common writer special hospital oil color natural effort very religious none rest.
M00051,Miss understand seat response star power.,2025-09-02,"E00060,E00016,E00275",Decade any heart else close responsibility fire better beat.
M00052,Study affect pressure.,2025-08-13,"E00265,E00237",Each exist to environmental level everybody conference like school ahead agree.
M00053,Finish dream war reduce show compare.,2025-07-12,"E00136,E00452,E00226,E00440,E00007,E00446",Him forward region region impact stop stock although hair tend discuss film win.
M00054,Stay without result.,2023-12-24,"E00064,E00301,E00461,E00089",Agreement truth responsibility plant prepare quite discuss meet.
M00055,Stage decide long analysis about.,2024-05-24,"E00021,E00049,E00149,E00307,E00094",Low travel sound next hope produce huge.
M00056,When long include sing.,2024-10-10,"E00045,E00132,E00290,E00336,E00009,E00394",Deal table year goal federal firm car action late before age cut.
M00057,Here father be group.,2024-08-17,"E00355,E00339,E00325,E00311,E00093",Ago picture debate situation professor college guy offer hit find watch dinner.
M00058,Rather mind blood research.,2024-01-25,"E00368,E00091,E00353,E00179",Certainly arrive hot campaign statement catch area study word.
M00059,Yard tax guy guy themselves author.,2025-03-02,"E00248,E00432,E00470,E00067,E00011,E00459",International because past site vote be sign note.
M00060,Quality strategy smile.,2024-08-27,"E00370,E00312,E00247,E00298,E00409,E00026",Light college face letter western within give truth.
M00061,Easy Republican though.,2025-05-07,"E00413,E00132,E00109,E00035,E00284,E00447",A method bank far record board improve see.
M00062,Indicate bar maybe region.,2025-04-24,"E00125,E00228,E00144",Including fish gun some some quite sound similar foreign cup such.
M00063,Structure PM design.,2024-09-30,"E00343,E00023",Different everybody rock crime respond relate deep follow record that rock.
M00064,Financial still rest say some radio.,2024-06-19,"E00321,E00324,E00067",Line decision the authority direction central magazine though picture.
M00065,Sell something budget same.,2025-01-22,"E00382,E00318,E00338",Prove music serious tree involve hard agent force new evening maybe.
M00066,Field summer home their provide sense.,2024-06-12,"E00444,E00381,E00065,E00196,E00266",City year several clearly office name face after reflect than certain opportunity.
M00067,Remember ten thus free.,2025-01-18,"E00203,E00444,E00316",State common anything good record sister thousand administration can government site.
M00068,Seat tree through.,2024-04-14,"E00108,E00415",Pattern line interest piece commercial movie perhaps down wind center house.
M00069,Move yes plan itself population enough.,2025-06-03,"E00131,E00487,E00353",From service century father after bank.
M00070,Possible though discussion learn.,2025-09-05,"E00156,E00147",Up but physical defense she feeling task old ground.
M00071,Since into green medical western.,2025-02-03,"E00371,E00309",Itself real trial ground watch price out pay on sign those however.
M00072,Hold treatment degree every.,2024-05-16,"E00106,E00108,E00147,E00112,E00434",Again name also man move traditional.
M00073,Guess difference physical.,2024-06-15,"E00374,E00500,E00171,E00011,E00298",So year fear might color receive high what.
M00074,Attack miss his event road provide.,2024-11-27,"E00315,E00266,E00329",Address notice open see over skill attack billion wide.
M00075,Admit claim less box light.,2024-08-27,"E00489,E00088,E00193",Issue almost executive thus set affect hope program.
M00076,Brother physical community provide.,2024-03-12,"E00212,E00021,E00340,E00157",Almost boy sure institution he necessary.
M00077,Break you kind then dream control.,2024-01-27,"E00019,E00153,E00043",Protect they best popular energy red.
M00078,Song board support various.,2025-06-02,"E00302,E00408,E00254,E00051,E00141",Cover camera girl low page letter major hundred true value western window.
M00079,Similar a better.,2025-04-19,"E00416,E00329,E00172,E00450,E00170",Action picture else itself second medical act listen and.
M00080,Actually network weight ground.,2024-06-30,"E00451,E00078,E00406",International never share our your century meet first.
M00081,Form home give top generation important.,2024-03-10,"E00110,E00311,E00240",Century her American study least station push sport film.
M00082,Prepare account nature.,2025-04-28,"E00129,E00295,E00015,E00305,E00102",Water consider discuss today through son white create network serve four.
M00083,Involve probably clearly Democrat not thing.,2024-09-06,"E00249,E00312,E00381,E00232,E00157,E00260",Man admit garden task state area involve itself politics Mrs.
M00084,Mr worker history network.,2025-05-17,"E00101,E00382,E00129,E00031,E00162",Act subject past apply able treatment become camera foreign support.
M00085,Smile yard score benefit organization page.,2025-07-06,"E00081,E00405,E00484,E00133,E00108,E00065",Director parent character thousand attorney should girl whether will might performance care experience.
M00086,Important raise true.,2025-03-21,"E00098,E00086,E00297,E00163,E00175",Write try leave trip oil huge win friend my.
M00087,Degree hot want among.,2025-05-08,"E00141,E00414,E00095,E00060,E00073,E00206",Pattern activity such effect huge play nature image author serve wrong.
M00088,Firm a those box.,2024-08-02,"E00291,E00281,E00071,E00172,E00015,E00416",Sometimes identify because tonight important high meeting skill.
M00089,Decade artist shoulder analysis.,2024-07-24,"E00342,E00438,E00201,E00068,E00459,E00035",Probably difficult scientist soon soon heart close.
M00090,Only statement join social leg.,2024-02-21,"E00111,E00274,E00140,E00060,E00296,E00494",Page along drive capital chair often way report especially.
M00091,Great smile reason.,2024-05-16,"E00425,E00372,E00136",Person past run free hope drop.
M00092,Rest whatever Democrat.,2024-03-09,"E00275,E00155,E00237,E00164,E00097,E00187",May keep player matter happen audience within want from.
M00093,Teacher live study politics.,2025-08-13,"E00332,E00009,E00110,E00374,E00046",Say value partner action agreement understand commercial look per.
M00094,Politics information find event.,2025-08-14,"E00286,E00288,E00374",Store room late idea support occur newspaper environment Mrs.
M00095,Hold free air in require.,2024-12-21,"E00261,E00011,E00381,E00114,E00230",Per yard without girl none allow worry letter agreement try theory.
M00096,Gas interview within late organization offer.,2024-03-28,"E00375,E00091,E00146,E00087,E00036",Reveal change garden think enjoy off.
M00097,Although style believe.,2024-12-21,"E00465,E00478",Security off listen remain various authority wonder role keep center social medical.
M00098,Human speech send easy.,2024-07-06,"E00395,E00382,E00430,E00428,E00170,E00319",Their score though exist project others building attorney outside grow.
M00099,Eight east general strategy.,2024-09-27,"E00347,E00437",Nice conference record offer low other training happy market.
M00100,Hope person page town pick exactly.,2025-08-04,"E00496,E00271",Prepare door machine glass short long.
M00101,Agree like forget statement total store.,2024-09-03,"E00484,E00307,E00332,E00421,E00086",Some share a trip think eye serious deal.
M00102,Attention carry series surface.,2025-01-19,"E00068,E00373,E00232",Food Republican season five performance factor example.
M00103,Produce offer keep lead.,2024-09-21,"E00267,E00289",Push car rise others itself than nor.
M00104,Project several world.,2024-08-18,"E00242,E00374,E00442,E00357,E00088",Note simple most key happy education new occur off administration bar occur start.
M00105,Then ground politics general artist.,2023-12-12,"E00421,E00492,E00410,E00269,E00372,E00235",Phone contain fish catch level clear.
M00106,Themselves party figure quality know media.,2024-03-10,"E00397,E00219,E00165,E00060",Food analysis in life wrong only speech truth allow else letter shake.
M00107,Picture understand thank collection.,2024-04-02,"E00347,E00037",Stay eight nation region white two star though week situation.
M00108,Perform set better.,2024-12-20,"E00184,E00132,E00071,E00027,E00038",Response or across nothing and mission manage board today explain amount save conference.
M00109,Plant contain clear financial.,2025-09-07,"E00199,E00156,E00242",Recognize trial out huge order anything.
M00110,Thus continue wish beat everyone.,2024-08-26,"E00177,E00250,E00356",Plan send chance forward professor opportunity significant reveal tree property area.
M00111,Describe trial brother already plant son.,2024-12-01,"E00475,E00262",Say sound nature outside above attention public.
M00112,Ball interview art between drug.,2024-08-18,"E00378,E00173,E00070,E00217,E00061",Little century probably wrong expect think.
M00113,College power field field.,2024-01-05,"E00143,E00355,E00459,E00236",Age media turn cut style animal prove throw without.
M00114,Which shoulder computer quality.,2025-02-21,"E00122,E00055,E00402",Tv war TV peace involve brother turn which.
M00115,Job doctor produce themselves.,2024-04-05,"E00197,E00298,E00186,E00454",Conference serve south rich between number order set present think.
M00116,Now along be.,2024-01-03,"E00478,E00316,E00326",Study window total smile type write film major play subject.
M00117,Method prevent air other doctor prove.,2024-10-19,"E00490,E00091,E00131,E00306,E00469",Democratic push economy produce fine strategy care tree.
M00118,Business policy history.,2024-07-02,"E00127,E00317,E00415,E00257,E00300,E00018",Method family home any rock sort than executive yet system.
M00119,Open outside check.,2025-06-25,"E00252,E00478",Protect building his explain second decide much.
M00120,Mrs father college fight.,2024-07-10,"E00078,E00443,E00169",Audience turn movie stay TV understand moment off baby have clear industry standard.
M00121,Reach always send.,2024-06-19,"E00371,E00045,E00155,E00305,E00224",Over material worker nor involve region along play plant able compare coach herself.
M00122,Hotel store rich.,2025-02-06,"E00214,E00427,E00143,E00186",Woman culture those reach hour himself.
M00123,Stuff paper leg manage plan.,2024-08-06,"E00148,E00331,E00288,E00500",Back run plant should plant brother language cover partner management gun along protect.
M00124,Impact father line.,2024-11-27,"E00004,E00074,E00287",Lay with course may vote body statement computer foot involve.
M00125,Politics character establish.,2024-07-11,"E00260,E00252,E00102,E00144,E00377,E00407",Question administration rock over baby with personal get leg find quality shoulder.
M00126,Condition red you key maintain.,2024-03-18,"E00498,E00362,E00169,E00431,E00350",Republican land subject short attack fear science anyone.
M00127,Bag society beautiful.,2023-11-22,"E00359,E00284,E00053,E00429,E00176,E00361",Police per age health as seem.
M00128,Shake church until smile.,2024-02-28,"E00422,E00244",Into rule smile leader particularly practice provide easy scene new research manager.
M00129,Huge perhaps list newspaper peace.,2025-05-14,"E00327,E00272,E00040,E00265",From imagine expert degree huge garden involve commercial.
M00130,Beautiful level out live.,2025-02-17,"E00443,E00341,E00414",That past call while long different commercial several free job offer sell.
M00131,Guess early goal team should again.,2024-01-06,"E00200,E00297,E00034,E00253,E00487",Believe treat responsibility agent person type energy fly since result option.
M00132,Just popular though little.,2025-10-01,"E00177,E00117,E00244",Recent nation give coach leave read speech far play trade particularly shake experience.
M00133,Maintain half land career write skill.,2024-04-08,"E00252,E00034,E00044,E00001",Class discover turn raise chance former different fast year loss continue who.
M00134,Sometimes might last lawyer.,2024-07-15,"E00059,E00051,E00228,E00181,E00401,E00269",Very upon impact start anyone win story.
M00135,Wind hit certain offer this claim.,2025-08-28,"E00119,E00246,E00162,E00167,E00319",East from sure director spend reduce gun doctor.
M00136,Main large seek forget same series.,2025-08-24,"E00114,E00264,E00029",Ready money item detail cut oil visit cell benefit price fill wife.
M00137,Information sure include such.,2024-12-12,"E00283,E00220,E00285,E00386",Should free natural kind less factor lot arm Mrs read doctor listen citizen.
M00138,Member author daughter consumer body.,2023-10-16,"E00309,E00497,E00373,E00062,E00438",Notice standard unit reduce important camera tonight near.
M00139,Also good put sea.,2024-03-25,"E00321,E00459,E00137,E00433,E00468,E00010",Market black hold spend around raise many.
M00140,Us we show result result or.,2023-10-17,"E00289,E00164,E00468,E00397",Theory ok grow gas lead free everyone per attention science white trouble she.
M00141,Color government only part.,2024-09-04,"E00117,E00354,E00436,E00427,E00246,E00178",Town political finally sea show agreement.
M00142,Stuff card personal power teach.,2025-04-09,"E00327,E00356,E00185,E00441",Season father land glass night condition during step environmental southern.
M00143,Picture day present whose theory.,2025-01-17,"E00308,E00220,E00398,E00440",Remember customer kind rest store true half.
M00144,Might until old.,2024-02-13,"E00019,E00418,E00046,E00190",Debate behind unit whose during you bit strategy discussion expect table good new.
M00145,Chance bad near bag future.,2023-11-29,"E00221,E00417,E00132",Fact town realize director set his garden increase teacher.
M00146,Up cell high stay major.,2024-09-20,"E00447,E00403,E00280,E00397,E00178,E00344",Save green good whole exactly can throw shoulder protect mention.
M00147,Yeah or raise.,2025-02-20,"E00354,E00241,E00391,E00160,E00092,E00426",Response second there report understand hard enjoy of tend partner.
M00148,Third make its research.,2025-01-05,"E00182,E00282",Five wide language necessary line tonight time.
M00149,Human owner always me.,2024-06-06,"E00306,E00063,E00311,E00306,E00083,E00264",Rock year across life near summer fall arm space artist modern dream forget.
M00150,Summer know compare force suddenly.,2025-06-19,"E00203,E00348,E00268",Field reason admit exist role four stuff prepare whatever into stand.
M00151,Write employee note.,2023-11-23,"E00327,E00248,E00180,E00467,E00463",Deep century ball across those issue hair indeed you statement scene break.
M00152,Long single certain writer civil degree.,2024-05-25,"E00307,E00188,E00221",Particular over game politics necessary subject image but blood question.
M00153,Sure scientist explain entire.,2024-09-30,"E00144,E00397,E00107,E00094",Number help thus institution grow without ready enjoy allow TV.
M00154,Hope share technology look bag night.,2025-02-22,"E00257,E00484,E00229,E00056",Across edge particularly get generation how image owner.
M00155,Bar less likely once contain.,2025-08-22,"E00161,E00489,E00327,E00063",Age organization four artist morning focus laugh wife.
M00156,Side suffer buy child people say.,2024-03-03,"E00340,E00063,E00163,E00246,E00135,E00243",Nothing often room allow start return radio marriage return sister music.
M00157,Five star officer son long author.,2024-03-07,"E00424,E00500",Heart skill shake parent image capital customer.
M00158,North push career.,2024-08-04,"E00303,E00095,E00091,E00121,E00198,E00197",Pay these last skin fall reach wish reduce approach sure.
M00159,Century blue kid between put why.,2024-12-19,"E00048,E00466,E00467,E00256,E00043",Under simply consumer full personal difficult color hot value name recognize treatment.
M00160,Church scene born very cover.,2024-11-01,"E00054,E00238,E00446,E00364,E00485,E00112",Remain indeed reach owner evidence impact office exactly.
M00161,Draw interest her group modern Mrs.,2024-05-02,"E00235,E00455",Tough his already those network interesting type next cup.
M00162,Ability religious create.,2025-06-28,"E00112,E00236,E00242,E00235",Realize structure plan live edge fight.
M00163,Improve especially where or.,2024-05-11,"E00350,E00500,E00070",Born campaign rate democratic growth shoulder thus behind teach mother method beyond item.
M00164,Ground or sport.,2025-07-24,"E00409,E00206,E00429",Across beat strong hour suddenly month happen.
M00165,Management because style evening alone.,2024-02-25,"E00333,E00488,E00385,E00217,E00012,E00192",Meet without hair worker certainly participant enjoy mouth.
M00166,Investment relate upon break tonight.,2025-08-18,"E00173,E00018,E00398",Sometimes market mean address range win growth adult.
M00167,College then hour then amount.,2023-11-13,"E00493,E00076,E00255,E00482,E00301",Face another series win community medical sit.
M00168,Decide rich to rich fly picture.,2024-05-29,"E00392,E00253",Scientist candidate book girl past capital.
M00169,Stage anyone yourself big lawyer.,2025-06-28,"E00372,E00398,E00157",Human worry charge different evidence car find series order.
M00170,Support middle middle TV.,2024-04-23,"E00032,E00424",Friend much pressure film institution student film data option member environmental fill now.
M00171,Suddenly artist be lose call.,2024-07-18,"E00308,E00472,E00085,E00253,E00154,E00439",Usually quickly apply more station listen data wrong husband magazine million.
M00172,Win want water skill.,2024-01-16,"E00473,E00031,E00300,E00399",Recognize large fear as suddenly often remain college third lead.
M00173,Big who phone officer be speech.,2025-01-12,"E00345,E00023,E00167",Coach employee wall save color member.
M00174,Somebody medical threat Congress join although.,2025-03-12,"E00470,E00462,E00428,E00200,E00148,E00180",Short go nature personal maintain food.
M00175,Quality where member debate.,2025-05-23,"E00128,E00405,E00486",Security next lay power recently artist rather discover visit interview manage.
M00176,Develop require nothing material.,2025-02-23,"E00120,E00351",Space high despite impact go suffer business cover however dream.
M00177,Occur a center.,2025-02-24,"E00226,E00356",Still list kind vote practice window available who around administration bill.
M00178,Color player ground.,2024-01-29,"E00037,E00498,E00009",Father return day cause let short throughout road room know itself traditional.
M00179,His financial check.,2024-07-12,"E00107,E00467",Protect recent product right many attack perform specific.
M00180,Like staff strategy it house prove.,2024-04-08,"E00462,E00118,E00383,E00008,E00355,E00244",Human record child thousand follow check maintain.
M00181,Course position meet.,2024-02-02,"E00207,E00472,E00405,E00428",People young fact myself after piece under foreign speak pay.
M00182,Performance behind Republican.,2024-01-09,"E00293,E00077",Guess daughter old sign recently career dream up food minute.
M00183,Another store west.,2024-12-25,"E00091,E00362,E00275,E00306,E00050",Top discuss real early Democrat box office national idea she car present.
M00184,Staff north into forward them information provide.,2025-02-16,"E00238,E00304",Knowledge site probably necessary him discuss economy per certain.
M00185,Wish power of build let.,2024-05-03,"E00432,E00250,E00292,E00254,E00033,E00135",Edge even lead third capital image mission big soon son.
M00186,Direction quickly fear.,2024-04-29,"E00334,E00221,E00328,E00403,E00159",Popular condition focus upon ten chair.
M00187,Camera matter very blood attorney.,2025-05-01,"E00182,E00351,E00499",Reveal wear market specific old smile personal good.
M00188,Light name inside coach.,2025-06-07,"E00111,E00359",Future another measure day week wish side Republican.
M00189,Simply billion color audience.,2024-09-27,"E00287,E00019",Through science although bring option necessary behavior fight on by.
M00190,Hotel later maintain material phone.,2025-08-17,"E00442,E00284,E00386,E00227,E00203,E00077",Republican catch grow general list first tonight executive.
M00191,Foot us forget let lose.,2023-11-02,"E00122,E00286",Million company her soon add if first type avoid.
M00192,Pm society possible live value.,2025-09-06,"E00403,E00029,E00280,E00225,E00132",Opportunity exist people study plant financial music mouth especially above word act listen.
M00193,It somebody wall food add either.,2024-07-13,"E00460,E00413",Find half employee article eye lot mouth analysis its forget project why pull.
M00194,Less live three charge.,2024-06-03,"E00467,E00383,E00004",Similar glass away above enjoy range.
M00195,At develop cut think building ok.,2025-05-09,"E00006,E00012,E00028,E00386,E00089",Effort resource fly white able next.
M00196,Wrong skin play.,2024-01-23,"E00437,E00482,E00091,E00182",Month I avoid suggest box product about color here month center.
M00197,Smile cultural watch although.,2024-04-17,"E00115,E00057,E00227",Parent system hope home article crime.
M00198,Production three lot gun former.,2024-05-29,"E00063,E00137,E00049,E00213",Future professional even rather message news floor with entire.
M00199,Clear wife small certainly.,2025-04-07,"E00023,E00494,E00030,E00181,E00071,E00424",Individual out chance before drop believe wear operation.
M00200,Contain raise beat.,2025-06-19,"E00432,E00446,E00170",Dog middle son film wall beautiful modern two at state future region.
M00201,Likely rise stock.,2023-11-03,"E00437,E00334,E00109",Begin half situation economic require institution get business age feeling.
M00202,Deal test sit almost.,2023-11-10,"E00100,E00057,E00042,E00246,E00451",Stock or heavy scientist vote plant.
M00203,We left environment.,2024-03-02,"E00373,E00384,E00392,E00080,E00030",Mean throw local easy either thus unit force fine appear control usually.
M00204,Much newspaper which reveal race.,2024-12-15,"E00207,E00458,E00404,E00343,E00482,E00129",Cultural someone coach arrive forget recognize.
M00205,Entire strong lot others let attention.,2025-01-31,"E00471,E00494",Guess cause clear require hotel since because day company southern reflect however.
M00206,National enough which hear remember everybody.,2024-08-21,"E00132,E00421,E00458,E00183,E00218,E00013",Body question tough near hit bad magazine loss significant huge wear product.
M00207,Better forget his sign down.,2024-03-28,"E00243,E00035,E00174,E00313,E00087",Others free power most write between different already.
M00208,Start thought parent already structure movie.,2025-09-06,"E00432,E00396",World behavior nearly investment wide information political question father claim rate.
M00209,Out history suggest later its she.,2025-07-15,"E00433,E00080,E00382,E00477,E00249,E00364",Price leave travel develop maybe bad follow card trouble among growth.
M00210,Positive glass less talk.,2025-05-30,"E00204,E00267,E00034",Meet whose understand bank happy although the.
M00211,Wait see occur left.,2024-05-28,"E00383,E00460",Matter challenge question far set citizen stage.
M00212,Despite around pretty red.,2025-01-05,"E00167,E00025,E00086,E00027,E00485,E00172",Force movement image sign news then outside discussion soon second.
M00213,Usually of audience feeling light everything.,2024-03-30,"E00170,E00223,E00298,E00195,E00048,E00248",Break street character group allow various boy deep necessary nor.
M00214,Share where sign the never fine.,2025-06-06,"E00438,E00344,E00494,E00310,E00290,E00237",Forward tree always foreign president treat store write chance seat.
M00215,Manager point protect.,2024-04-28,"E00018,E00113,E00152,E00141,E00268",Positive some less law rate rich onto science you effect book.
M00216,There choice rather team color important.,2025-02-14,"E00450,E00260,E00231,E00474,E00337",That now ask instead fund they.
M00217,Fast health head wish green fund.,2024-06-12,"E00099,E00019,E00320,E00244,E00174,E00183",Shake foreign Mrs career window decide political paper better around stuff strong.
M00218,Either building anything red accept response test.,2023-12-16,"E00323,E00128,E00182,E00073,E00268",Ok north mean may drive tax above during fear sign however be south.
M00219,Wrong why play pull still voice.,2024-02-20,"E00317,E00063,E00071,E00020",Indeed involve cultural human senior tonight day fight present candidate fill sometimes hard.
M00220,Major much heavy either several thing.,2025-01-21,"E00163,E00366,E00460,E00042",Federal travel center after pass single environmental top from nation majority.
M00221,Best knowledge child music.,2024-06-05,"E00006,E00177,E00281,E00188,E00005,E00132",Of room determine fish gas sound ahead.
M00222,Should Mr wrong response.,2024-10-25,"E00226,E00310,E00012,E00484,E00359,E00366",Fine staff value kind tax to meeting change quality fact spring create project.
M00223,Section religious property seem action.,2025-02-20,"E00485,E00371,E00269,E00056",Sister expert usually base now to data able it who.
M00224,My attack year.,2025-01-28,"E00319,E00321,E00463,E00046,E00399,E00464",Probably who drug year standard military carry member play so miss him toward.
M00225,History sort buy.,2025-09-22,"E00265,E00079,E00152,E00209,E00098,E00108",Girl probably or memory indicate past ready scene none as agent reveal pass.
M00226,Student the stage speak Mr style.,2025-07-13,"E00047,E00401,E00287",We compare surface difference receive morning artist interview.
M00227,Pattern arrive push world.,2025-04-25,"E00168,E00015,E00418,E00481",Project them room fire top too environment explain mention style listen.
M00228,Road article serious first.,2024-08-05,"E00002,E00023,E00343,E00017",Police have teacher certain sort entire past where amount senior accept actually when.
M00229,Use room go onto way spend.,2024-11-06,"E00237,E00158",Plant avoid drive hand road field that class.
M00230,Mrs watch involve.,2024-08-08,"E00412,E00232,E00341,E00127,E00171",Break billion half into newspaper center firm seven race student rock.
M00231,Day space pay part accept.,2025-02-18,"E00178,E00003,E00415,E00405,E00218,E00088",Catch behavior idea exactly amount anyone need.
M00232,Effect before rest.,2024-10-21,"E00118,E00476,E00107,E00004",Practice when money almost only born return onto modern.
M00233,Toward blue pressure know time instead.,2025-09-12,"E00211,E00461,E00074,E00155,E00091",Material movie evening movement good may production marriage rock would always question.
M00234,Be member glass.,2024-11-20,"E00426,E00145,E00049,E00021,E00443",Machine experience opportunity level cut degree fill father father agreement technology.
M00235,Water control traditional question easy.,2024-12-15,"E00463,E00224,E00201,E00070,E00067,E00389",Mouth build east industry fish professional form stand walk ten give that door.
M00236,Reflect similar read dog game notice.,2024-01-03,"E00253,E00445,E00141,E00108,E00253,E00471",Owner bar hear might study interesting level throughout by pay simple describe nice.
M00237,Election pull most as.,2025-05-17,"E00492,E00434,E00430",Management authority age appear provide image very PM dark.
M00238,Week word accept project sit even.,2024-07-10,"E00010,E00295",Create member eight thank term newspaper nearly forward plan student.
M00239,Common official number all.,2024-12-05,"E00046,E00313,E00433,E00088,E00292",See table better speech between local camera she medical save.
M00240,Society former choose travel explain fact.,2023-11-15,"E00022,E00433,E00443,E00385",War series coach choose yes painting almost everyone.
M00241,Represent whole stuff soldier.,2024-10-09,"E00199,E00403,E00272,E00237,E00455",Perhaps pass rich then business dream.
M00242,Dream responsibility necessary.,2024-06-12,"E00488,E00409,E00430,E00269,E00031,E00407",Control factor ten half usually line defense.
M00243,Difficult effort man let huge item.,2025-04-05,"E00072,E00034,E00480,E00113,E00068",Skill middle society season quickly line compare.
M00244,Stand poor air because.,2025-08-30,"E00056,E00243,E00133,E00004",Issue TV station few room again.
M00245,Result eat ahead customer allow good.,2025-03-15,"E00364,E00071,E00279",Draw report national add civil rather eat lose who bill agency story.
M00246,Name best chair fish food.,2024-04-22,"E00420,E00309,E00076,E00478,E00100",Law throw new certain class owner seven success exactly floor.
M00247,Good heavy door behind.,2024-08-21,"E00154,E00194,E00104,E00200,E00290,E00287",Check central store fall particular paper officer big interview able stock heart wide.
M00248,Provide such involve meet central expect.,2025-05-19,"E00070,E00345",Market modern happy you drop bring step long.
M00249,West program medical water.,2024-07-20,"E00381,E00423,E00201",Wrong must hard clear gun forget though fall listen bed money phone.
M00250,Ever hard better another ok.,2025-07-06,"E00272,E00305,E00182",Somebody administration contain letter vote type same man be property.
M00251,Small support affect.,2024-03-04,"E00177,E00227,E00218",Else hot break cup peace listen develop assume natural his third.
M00252,Care close animal.,2024-04-19,"E00346,E00143,E00285",Factor cell describe apply environmental law suffer certain case century.
M00253,Agree from forward customer.,2025-10-01,"E00032,E00242,E00274,E00299",Future eye everyone season late while reveal response.
M00254,Include finish amount attorney.,2025-04-28,"E00308,E00149,E00332,E00106,E00065",Marriage there body stuff skin cold benefit produce out.
M00255,Really letter turn listen window month.,2025-05-20,"E00370,E00273,E00062,E00499",Security executive gas card miss three free region rock question debate.
M00256,Federal back decide.,2024-11-18,"E00268,E00104,E00235,E00346,E00177,E00035",Compare federal painting actually arm culture face forget.
M00257,Too bar stay poor eye.,2025-08-24,"E00050,E00365",Them red make probably subject adult.
M00258,Religious he Congress half talk.,2023-11-20,"E00437,E00478,E00318",Beat we maybe energy upon election prove according administration behind beyond election.
M00259,Never generation in hospital.,2024-05-10,"E00370,E00367,E00411,E00250,E00083",Affect will best total outside central.
M00260,Subject detail likely strategy.,2024-08-03,"E00020,E00360,E00034,E00050",Voice important seek bit religious myself.
M00261,Ever crime environment keep.,2024-07-17,"E00143,E00475,E00302,E00125,E00082",Certain risk offer must coach election alone Congress establish ok effort effect.
M00262,Hot new suddenly line strong people.,2024-08-25,"E00358,E00173",Step program pick happen mind break have never college although respond collection hit more.
M00263,School yeah property try.,2024-10-21,"E00382,E00069",Question try main board cup recognize break radio including.
M00264,True manage natural when.,2024-04-11,"E00473,E00314",Happen thing hospital anyone weight old care city.
M00265,Alone boy save improve medical bill.,2024-11-21,"E00296,E00201,E00242,E00396",Late worry pick relationship hair next know source fill any move find hard.
M00266,Machine move add.,2024-09-19,"E00425,E00137,E00399,E00205",Road special pass as social stand throughout.
M00267,Reveal almost subject.,2024-04-21,"E00055,E00431,E00247,E00043",Significant very discussion sometimes as blue.
M00268,Seem member eat bit.,2025-04-18,"E00041,E00035,E00375,E00319",Opportunity box energy case score bag usually whose now.
M00269,Short consider six once kid growth.,2024-05-28,"E00372,E00055,E00131",Sometimes mention shake many do quality within where heavy management hot.
M00270,Cost run talk movie ground.,2024-04-06,"E00090,E00422,E00182,E00245,E00426,E00499",With our treatment drug imagine seem head ground idea my cut.
M00271,On term you government.,2024-09-15,"E00408,E00475,E00221,E00052,E00283,E00388",With break top million along change though here half.
M00272,Campaign cup attention statement.,2025-01-10,"E00331,E00029,E00305,E00077,E00494,E00285",Concern item wish person the girl traditional probably.
M00273,News too on treatment hear each.,2024-10-01,"E00327,E00251",Past computer follow our me base machine understand though.
M00274,Stock while foreign.,2023-10-05,"E00352,E00309",Social indicate key should standard sit political table data.
M00275,Everybody close product clearly another same buy.,2024-09-29,"E00142,E00380,E00185,E00384,E00354,E00056",Score program father have visit there unit consider toward.
M00276,Near opportunity close whom.,2025-04-06,"E00107,E00159,E00161,E00349",Assume establish man up others name tough office almost degree.
M00277,Take dinner hospital model.,2024-04-20,"E00128,E00473,E00044",Large large bed him air your share election many protect white accept.
M00278,Civil bit evening entire move simply.,2024-09-07,"E00365,E00381,E00347,E00319",Leg leader onto discuss mother instead.
M00279,From life after test mean ten.,2025-06-30,"E00468,E00333,E00190,E00421,E00078",Consumer trial shoulder important claim hot quickly drug turn spend.
M00280,Question parent language cost record.,2024-11-28,"E00415,E00317,E00044,E00464,E00190,E00388",Fine many consider require success magazine.
M00281,Foreign play when.,2024-10-26,"E00425,E00042,E00159,E00109,E00408,E00014",Establish allow together suddenly lay ten unit social suffer.
M00282,Stage one become garden him.,2025-02-22,"E00036,E00123,E00059,E00006,E00303,E00369",Special strategy purpose lay investment finish.
M00283,Minute go hour if measure beat.,2025-06-07,"E00080,E00463,E00088",Because top key red that five.
M00284,Real simply owner.,2024-07-15,"E00125,E00221,E00467,E00302,E00267,E00043",Score debate southern catch few quickly race program main become.
M00285,Describe buy building either.,2024-06-30,"E00374,E00480",Standard agency recent quickly something morning according raise.
M00286,Strong avoid fill true conference.,2024-10-13,"E00347,E00059,E00030,E00155,E00466,E00353",Meet man yet clearly human figure page store.
M00287,Much sing where look bed fast.,2024-05-17,"E00353,E00039,E00026,E00247,E00281",Democratic police high rule daughter six save group serve.
M00288,She field model evidence contain president.,2025-05-16,"E00214,E00322,E00115,E00333,E00169,E00405",Dream religious scene field should collection different month.
M00289,Else yet window Mrs.,2023-12-11,"E00324,E00008,E00435,E00085,E00430,E00291",Travel grow better debate similar each live fund magazine option record.
M00290,Town group small.,2024-01-20,"E00073,E00264,E00096,E00292,E00415",President nor pay treat region because red behavior animal school include from last.
M00291,Economic probably unit community unit.,2025-02-18,"E00346,E00236,E00332,E00090,E00179",Piece four employee skin ok interview actually everyone recently lot.
M00292,Place food painting hotel.,2025-01-11,"E00222,E00374",Interesting loss my week focus as network administration.
M00293,Foreign ask box theory option decision.,2025-07-22,"E00097,E00318,E00217",Charge agency space office media control agreement case visit example however kind.
M00294,Mr some eye trade poor once.,2024-07-02,"E00209,E00053,E00162,E00046,E00119",Agent drive already before cause doctor discussion.
M00295,Practice course community everything.,2024-11-22,"E00002,E00154,E00162,E00337,E00182,E00313",Size identify fast how line act oil.
M00296,Describe hear newspaper challenge reduce.,2025-06-20,"E00482,E00029,E00431",Town local there owner bar campaign audience candidate fund avoid each find.
M00297,Lawyer answer blood father option for.,2024-10-01,"E00379,E00315,E00082,E00301",Size large for beautiful hospital trouble performance despite star simply.
M00298,None bill approach big PM.,2023-12-30,"E00437,E00440,E00304,E00145,E00184,E00351",Party behavior minute art mother brother land.
M00299,Use budget account.,2025-01-16,"E00030,E00367",Difficult international to fly we as research reality card.
M00300,Box why require whatever.,2024-05-18,"E00285,E00334,E00112",Owner step service public relate more film hair my organization foreign but.
M00301,Class eat himself.,2024-05-05,"E00163,E00225,E00137",Reduce one window like kid deep sort.
M00302,Behavior education serve staff message race.,2024-09-30,"E00458,E00484,E00198,E00349,E00303",Author author bill surface investment white century serve west water adult arm.
M00303,Open or north item.,2024-06-09,"E00271,E00478,E00010,E00477,E00448",Safe apply play physical mention outside.
M00304,Thank local result her.,2023-11-28,"E00168,E00170,E00313,E00011,E00344",Collection next only hair want control hard generation officer wife again low nature.
M00305,This hold hear television its like.,2025-06-29,"E00446,E00288,E00482,E00083",Suffer analysis yeah reach success know family successful special.
M00306,Citizen perhaps pick man.,2024-11-04,"E00264,E00269,E00375",Nearly suffer word want marriage together tough you matter people join never movie region.
M00307,From candidate both.,2023-11-09,"E00412,E00380,E00037,E00112,E00350",Sort box down alone any check.
M00308,Another social there economy happen act.,2024-06-09,"E00049,E00417,E00061,E00380,E00424",Prepare you ground message over show sound behavior reflect I black visit.
M00309,Go concern throw.,2024-08-15,"E00090,E00199,E00357,E00462,E00307",These amount structure fear course cut long factor general scene.
M00310,Ever building box adult.,2024-07-09,"E00405,E00423,E00269,E00347",Figure center compare organization beautiful star clearly she say style.
M00311,Impact say season federal good wind.,2024-12-29,"E00266,E00320,E00376",Purpose factor director that in direction detail.
M00312,Find third growth probably.,2023-10-14,"E00469,E00138,E00229",Surface development number you similar tax much carry research then dream.
M00313,Student field girl Republican wonder charge.,2025-07-31,"E00206,E00370,E00029",Turn staff course finally like weight.
M00314,Member amount situation open.,2023-11-26,"E00383,E00455",Spring security performance move ago color social technology country time while she their.
M00315,Condition minute program.,2024-10-06,"E00033,E00003,E00338",White language president far night across.
M00316,Close eat sell deal teach.,2025-03-15,"E00492,E00379,E00379",Concern range purpose government individual quickly part eight newspaper base morning by course.
M00317,Cut may party person.,2024-03-18,"E00102,E00474,E00317",Today amount tonight travel computer imagine institution different recognize any later.
M00318,By blood five local might.,2025-08-25,"E00171,E00475,E00025,E00152",Factor party until media off discussion customer pattern live.
M00319,Two manager wait car center Mrs.,2024-10-13,"E00206,E00206",Others each reflect we over bed exactly so none available federal run.
M00320,General issue college.,2025-05-08,"E00107,E00324,E00431,E00167,E00065,E00156",Ahead two read thousand kitchen indicate live ahead development rich.
M00321,Stock throw nor expect happy for.,2024-04-20,"E00220,E00116,E00145,E00026,E00349,E00423",Key they amount word beat how that certainly Mrs cost in.
M00322,Him special enjoy eight safe.,2023-10-26,"E00076,E00445,E00205,E00432,E00077,E00390",Technology policy light defense impact hard either worker upon often do.
M00323,Activity physical green.,2025-06-03,"E00216,E00243,E00249,E00240,E00243",North lot feeling brother for style style rather simple hot open admit.
M00324,Explain third least class per.,2024-09-23,"E00218,E00442,E00222,E00194",Live direction argue quite answer evidence fish compare say threat water accept than.
M00325,Four method special.,2024-12-05,"E00108,E00196,E00163,E00129",Rich democratic experience itself color glass seem industry appear both find.
M00326,Service start hear.,2024-09-26,"E00480,E00178,E00149,E00157",Section issue watch area pay newspaper information laugh population since same.
M00327,Director style no pick thing.,2024-03-15,"E00437,E00060",Very look one go state middle onto.
M00328,Fall rise participant factor every conference.,2024-08-25,"E00312,E00297,E00078,E00007",Level degree phone give team chair hear life.
M00329,Red specific similar word argue wall.,2024-07-12,"E00107,E00083,E00203",Door present all rock program career easy citizen notice opportunity strong year score.
M00330,Us majority data compare exist room.,2025-05-03,"E00141,E00100,E00274",Close never important pull amount middle have especially natural.
M00331,Church sense choice.,2024-05-11,"E00246,E00130,E00056",Wrong create seek newspaper score analysis fear practice remain.
M00332,Where coach yourself production find evidence.,2024-04-18,"E00045,E00224,E00275,E00348,E00407,E00091",Sometimes these management cup question popular specific heavy development seek which yes reason.
M00333,Training among go surface experience.,2024-03-20,"E00273,E00379,E00226,E00313,E00419,E00235",Determine east pick surface clear base chance you happy this woman.
M00334,Language street mind attention community.,2023-11-15,"E00500,E00492,E00015",Less director report base must anything scene debate.
M00335,Play hundred leave collection.,2024-09-07,"E00425,E00244,E00214,E00251",Marriage responsibility man oil positive check young card today agency fish.
M00336,Former book environmental century ball reach.,2024-06-05,"E00423,E00062,E00156",Data finally political individual condition peace hear on.
M00337,Easy dinner window standard TV yourself.,2024-05-14,"E00070,E00260,E00450,E00288",Rate model trip treat fast economy capital reason money special.
M00338,Top value dinner edge follow.,2024-08-11,"E00199,E00174,E00443,E00016,E00258",Term approach might study brother goal war view policy.
M00339,Big begin civil me world.,2024-05-20,"E00394,E00285,E00011",Different student together keep between strategy nothing western.
M00340,Both matter wish seat.,2024-03-02,"E00461,E00343,E00009,E00187,E00233,E00409",Low area call we nation this three point environment stage.
M00341,Center hotel trade think.,2024-10-22,"E00401,E00065,E00064,E00463,E00160,E00037",Place end listen show enjoy less all first idea single small.
M00342,Stuff win ok office time.,2024-09-09,"E00023,E00341,E00079",Analysis decide heart close hold success issue if quickly it situation follow.
M00343,Former better plan about.,2024-03-12,"E00250,E00132",Some still through offer he yeah necessary its low whom them everybody produce.
M00344,Student clearly why.,2024-07-22,"E00450,E00487,E00292,E00120,E00138",Serve moment apply perform many no.
M00345,East possible market.,2024-10-07,"E00248,E00489,E00093,E00267",Article hand religious phone less strategy.
M00346,Him work wonder.,2024-12-06,"E00175,E00330,E00093,E00278,E00476",Policy later leader information run billion expect.
M00347,Fall computer manage.,2023-11-23,"E00119,E00309,E00010,E00042",Hit boy option him information woman interview again in oil personal help.
M00348,Physical smile debate realize.,2024-06-01,"E00112,E00104,E00053,E00445,E00199",Cup middle option blue could color form offer southern citizen notice live.
M00349,Woman risk mission mouth that century.,2025-01-03,"E00198,E00151,E00290,E00374,E00027,E00372",Process number treatment region take know conference.
M00350,Game seem example green new happy.,2025-09-12,"E00209,E00423",Behind trip sometimes rather thing job her allow.
M00351,Eye share standard scientist list follow.,2024-08-02,"E00202,E00003,E00087,E00028,E00406",Believe deep short PM fish them.
M00352,Step activity place business establish.,2024-02-15,"E00117,E00214,E00356,E00280",Help east store example check charge I coach notice tree.
M00353,Tough road describe pressure pay.,2025-05-10,"E00133,E00404,E00277",Report them ahead likely kid paper.
M00354,Enough mention event to.,2024-02-20,"E00087,E00208,E00104,E00242,E00140,E00114",The treatment month reveal thank here above must learn those piece.
M00355,Speech trial her.,2025-06-09,"E00388,E00004,E00082,E00487,E00487",Avoid happen population finish project nor.
M00356,Stop forward traditional spring.,2024-10-11,"E00348,E00158,E00255",True nation return smile close thousand modern dog.
M00357,Color beyond professional measure.,2024-12-01,"E00432,E00489,E00277,E00201",Should blue especially poor cut note film.
M00358,Note he half wide follow appear.,2024-12-17,"E00006,E00152,E00423",Player local medical experience position grow message shoulder.
M00359,Road involve look.,2024-06-12,"E00043,E00116,E00220,E00197,E00127",Recently road then him south PM we house current.
M00360,Despite serious offer.,2024-04-24,"E00032,E00192,E00432,E00376,E00197,E00117",Technology culture short wind marriage adult gun board worry home leave experience color.
M00361,Raise fine despite who notice.,2024-10-23,"E00020,E00246,E00024,E00381,E00389,E00351",Garden another challenge eight benefit gas TV church pretty there program compare.
M00362,Party against second page.,2024-05-27,"E00272,E00227",Car forward fear civil daughter serve decision head fall field across south.
M00363,Wide movie have.,2025-05-27,"E00211,E00147",Personal community nation area community campaign.
M00364,Stop appear project fast tell.,2023-12-14,"E00392,E00174,E00396,E00068",Leader wonder environmental indeed happen imagine or mouth company country power center single.
M00365,Teacher relationship hot show soon recognize.,2024-02-25,"E00145,E00077,E00365,E00479,E00231,E00090",Rich town main focus give paper visit alone.
M00366,Floor director red.,2024-01-06,"E00152,E00217,E00407",Door protect century break child page people human character.
M00367,Allow girl commercial both wife carry.,2024-04-27,"E00457,E00184,E00238,E00058",Economy chair after performance school each away account meeting American budget.
M00368,Help avoid catch western radio suffer.,2025-05-02,"E00004,E00255,E00037",Ever focus than tree wrong focus will discussion themselves.
M00369,Add practice low Republican data produce near.,2024-11-15,"E00379,E00217",Store oil career claim put significant worry.
M00370,Meeting manage claim guess scene market.,2025-03-24,"E00402,E00083,E00039,E00205",During realize head high though lawyer long last study wide.
M00371,Serious charge usually cell public reveal.,2025-02-11,"E00108,E00464,E00422,E00369,E00124",Start modern strategy despite product at.
M00372,Not material last all.,2025-07-06,"E00436,E00035,E00376,E00119,E00127",Specific field challenge candidate few executive relationship military.
M00373,Common expert mother power space television.,2024-11-13,"E00195,E00468,E00025,E00477",Office agree people get respond environmental affect because dream.
M00374,Decision chance teach.,2025-06-18,"E00007,E00266",Which sign thus dinner event near ask face rate fill protect.
M00375,Eat wife just executive nation stuff brother.,2024-01-07,"E00139,E00321,E00181,E00048,E00432,E00129",Consumer have tough population forget break set before test attack.
M00376,Word relate own majority catch deep.,2024-05-18,"E00444,E00367,E00219,E00198,E00365,E00124",Tell item total hot deal exactly.
M00377,Million left ever.,2023-12-19,"E00282,E00232",Without future star door seek material add.
M00378,Realize drive everyone us.,2024-05-09,"E00467,E00147",Military skill different activity part support choice source.
M00379,Resource out grow point.,2025-02-27,"E00034,E00010,E00137",Standard week any any expert garden major current candidate result.
M00380,Gun child week itself history Congress.,2024-06-26,"E00161,E00324,E00303,E00240,E00076",Fear address sell act resource yourself sort.
M00381,End note meeting order TV.,2025-03-15,"E00303,E00002,E00004,E00402",Outside consider represent where anything no approach like friend finally.
M00382,Write peace believe also contain artist.,2024-01-02,"E00156,E00434,E00423,E00211,E00380,E00264",Various find shoulder center result central stop somebody green indeed plant believe.
M00383,War true case.,2023-10-18,"E00072,E00218,E00201,E00230",Analysis artist every partner western produce total similar free.
M00384,Consider listen available.,2024-12-09,"E00275,E00321,E00346,E00062",Thought help fine name indeed attention star hit animal up that similar.
M00385,Direction room while dog.,2025-04-10,"E00171,E00357,E00209",Almost his rise technology what team within leader mouth stay grow stand.
M00386,Choose air while through song.,2025-07-16,"E00404,E00343,E00299",Dog teach wrong pattern know above still simple pass general.
M00387,Ago partner pattern.,2025-04-25,"E00440,E00053,E00097,E00058",Executive artist student gas picture toward others yes.
M00388,From bag manage anyone mind.,2024-08-28,"E00144,E00127,E00460",Not Mrs training low hope responsibility race special.
M00389,Thousand property sense east store go.,2024-12-13,"E00374,E00130,E00051,E00419,E00315",Wide might trip couple put source pull before.
M00390,Note process newspaper than talk career.,2024-10-14,"E00121,E00263,E00363,E00171,E00041",Position military young action save seven better.
M00391,Girl area public.,2025-08-05,"E00213,E00352,E00296,E00497,E00181,E00334",My professor history information process smile specific force.
M00392,Civil apply course special.,2024-12-25,"E00279,E00136,E00215,E00451,E00230,E00433",Them her manage prevent along amount charge want step ok bring attack out.
M00393,Lot time age.,2025-07-26,"E00284,E00187",Paper describe bring statement he front president talk until.
M00394,Develop yeah staff.,2024-07-23,"E00459,E00231,E00310,E00430,E00159",Material campaign record available she person within father from.
M00395,Better officer floor coach power.,2025-07-06,"E00082,E00192,E00281,E00304,E00247",Together little system or then computer economic head likely.
M00396,Company already create.,2025-07-31,"E00313,E00477,E00360,E00050",Sit follow however name important rich whatever common would each.
M00397,Drop trip sell ball manager show.,2025-09-25,"E00488,E00071",Country pull color all section finally individual difference much represent.
M00398,Establish our into.,2024-01-30,"E00060,E00211,E00254",Soldier chair religious development collection old.
M00399,There buy too light.,2024-03-22,"E00485,E00070,E00197,E00225",Decade return brother economic direction town three light long interview style manager.
M00400,Enough inside section total.,2024-01-06,"E00320,E00237,E00461,E00307",Their culture beyond enough among community ball increase across which wait.
M00401,Policy senior act family.,2025-06-09,"E00034,E00070,E00293",Low job painting law why present senior party.
M00402,To book respond.,2025-07-17,"E00469,E00200,E00456",Citizen spring fear lose result doctor phone consumer present address.
M00403,Benefit population team magazine.,2024-10-19,"E00016,E00444",Find foot wonder tell far which policy hope mention while result message wind.
M00404,Program economy different.,2024-04-02,"E00033,E00259,E00111,E00325",Win couple actually performance explain protect represent back.
M00405,Season beyond affect ten choose.,2023-12-28,"E00183,E00172,E00256",Yes fast near really nice floor kid stand where very suggest.
M00406,Half hold continue.,2025-09-14,"E00424,E00099,E00317,E00204,E00080,E00247",Court always assume book network him administration me significant.
M00407,Yeah produce best along.,2025-05-10,"E00372,E00390,E00005,E00096",Indicate share either value cover number tree admit.
M00408,Detail affect mention better war will.,2025-03-08,"E00439,E00443,E00460,E00076",Wish star senior itself raise glass me hand consumer example reduce beautiful notice.
M00409,Chance run central reality.,2025-07-11,"E00273,E00228",Ability claim knowledge affect speak anyone.
M00410,Health lawyer reach.,2024-05-02,"E00294,E00258,E00142,E00226",Million edge see decide unit determine.
M00411,Nation education exist education ahead.,2024-09-19,"E00365,E00134",Start social bad direction former report property claim.
M00412,Little against machine.,2023-12-09,"E00430,E00079,E00065,E00319,E00019",Never whose stock buy mind team rule there PM deal difference do sit.
M00413,Performance share like check.,2025-03-17,"E00360,E00409,E00389,E00011,E00026,E00223",Better poor east notice this seat her several.
M00414,Resource husband result adult.,2024-08-27,"E00039,E00078,E00233",Suggest senior lose spend necessary with success their its.
M00415,Year under get type down poor.,2025-06-24,"E00025,E00225,E00059,E00034,E00282,E00198",Hot recent significant race social always wear because.
M00416,Today event recently every add factor wonder.,2025-08-30,"E00461,E00009,E00069,E00337,E00273",Require take fast position wind sense whether difficult security detail employee.
M00417,Stuff prove around.,2025-05-29,"E00066,E00184,E00402,E00147",Turn decade reality region truth deep term.
M00418,Product black maybe mind.,2024-06-09,"E00387,E00424,E00295,E00495,E00281",Reduce how inside stage add again.
M00419,Left style under parent.,2023-12-26,"E00334,E00334,E00295,E00208",Either after political bed public player head statement rule state call he.
M00420,Parent should month add Mr.,2025-05-28,"E00236,E00383,E00400,E00192",Right entire little use learn man evidence order since use happen.
M00421,Base successful agreement address through.,2025-05-26,"E00481,E00075,E00167,E00382,E00376",Season ground quality admit bar draw risk who admit popular care.
M00422,Kind high between instead surface.,2024-08-08,"E00425,E00095",During shoulder success face approach without development herself laugh establish.
M00423,Use spend commercial sort common how.,2025-05-10,"E00158,E00308",Manager street modern course five bad government worker.
M00424,Sound risk government candidate person find.,2024-07-31,"E00058,E00193,E00241,E00287",Send sort light operation church down defense they oil professional station quality.
M00425,Me six rule someone.,2024-11-03,"E00470,E00307,E00153",Long mind find prove group black shake girl partner north.
M00426,Hot energy consumer push.,2024-07-22,"E00198,E00490,E00456,E00208,E00138,E00116",Land difference base describe impact large today.
M00427,Reflect sea especially carry them.,2025-03-08,"E00119,E00397,E00021,E00222,E00079",Drive authority history way any reflect like pull medical.
M00428,Order north night draw structure home.,2024-12-02,"E00428,E00076,E00305",Property win again should such throw race above.
M00429,Act knowledge agreement bring.,2025-03-08,"E00071,E00274,E00380,E00235",Apply more election model nation finish available explain.
M00430,Green determine nor natural own.,2024-02-06,"E00303,E00215,E00278,E00389,E00036",Long from election industry issue rule first say investment.
M00431,Which left type.,2023-12-23,"E00495,E00125,E00147,E00002",Third with arm few future meet enter hold just candidate full popular.
M00432,Significant interest name ball realize girl.,2025-05-28,"E00234,E00199",Yeah mouth change for against that writer really of.
M00433,Benefit size significant answer.,2024-05-31,"E00401,E00247",Maybe order pick among despite establish.
M00434,College or politics.,2025-05-03,"E00465,E00279",Hope material already station bring clearly artist force several tonight especially decade question.
M00435,Nearly expect name.,2025-05-20,"E00251,E00249",From institution part decade describe hold wrong sister list eat grow debate film.
M00436,Early job well themselves at.,2024-07-01,"E00337,E00340,E00144",Soon what week Mrs others tell bar possible there political think fall.
M00437,Behavior garden article reach local shoulder.,2025-02-22,"E00458,E00351,E00158,E00019,E00180,E00096",Race professor event none half receive candidate doctor myself data option successful total member.
M00438,Common word far ask job.,2024-08-17,"E00442,E00298,E00078,E00053",Economic film letter police how different black professor.
M00439,Station wear area.,2024-02-09,"E00403,E00023,E00203",Blue particularly own lawyer risk within modern end different dark friend.
M00440,Today organization anything minute.,2025-03-18,"E00249,E00073,E00297,E00134,E00249",Necessary political treatment speak teacher relationship despite response help security above line.
M00441,Sometimes ten still bed environment.,2024-01-05,"E00304,E00329,E00264,E00475,E00217,E00320",Range dog to control begin lose him across.
M00442,Color medical research common.,2023-12-30,"E00071,E00243,E00449,E00116",Someone medical evidence recently base clear yard name direction cover see professional many.
M00443,Actually support successful charge even.,2024-07-16,"E00287,E00194,E00268",Bank world bank throughout land team.
M00444,Meeting seat bring participant.,2023-10-10,"E00029,E00269,E00451,E00462,E00121",Pick financial peace ever nice both sure this.
M00445,Sense church cold receive.,2024-04-09,"E00296,E00306,E00115,E00391",Account computer go stock door born specific fish popular.
M00446,House his spring thing feeling.,2024-06-12,"E00486,E00170,E00490,E00397,E00113",Sell difficult nearly defense street challenge power entire food.
M00447,Be argue for adult yourself necessary.,2025-01-18,"E00488,E00408,E00265,E00067,E00439,E00348",Especially arm start risk president address possible experience.
M00448,And billion save staff.,2025-07-25,"E00169,E00443,E00480",Less as others these consider believe animal two.
M00449,White thought should.,2024-01-16,"E00493,E00281,E00023,E00368",Site recently first trouble prevent continue.
M00450,Suffer bill environmental table gun strong.,2024-10-15,"E00276,E00271,E00405,E00206,E00415",Chance deal surface hear force significant represent job can beyond arrive town.
M00451,Challenge team decide kid.,2025-02-01,"E00290,E00184,E00339,E00024",Small government learn arm president performance reveal tell.
M00452,Minute walk member alone enter.,2025-02-03,"E00416,E00159,E00151",Growth point common class military do develop shoulder note.
M00453,Owner sort sea standard nearly.,2025-03-01,"E00176,E00054,E00432,E00054,E00267,E00130",Listen group data student add of support last history treatment night.
M00454,Source yet nor minute want physical.,2025-01-12,"E00078,E00380",Red response nice certainly so after fact including thought television million prepare.
M00455,Attorney end much section politics.,2025-06-11,"E00135,E00353",That share throw say author hard drop stuff carry allow police class.
M00456,Join material door camera peace white.,2024-08-16,"E00305,E00438,E00441,E00226,E00095",Senior share difference professional matter yard agent responsibility benefit season.
M00457,Move drop available.,2023-12-07,"E00387,E00145,E00490,E00307,E00013",So gas design mouth source dinner popular.
M00458,Last order listen Mr change.,2025-05-28,"E00422,E00066,E00190,E00185,E00322,E00483",System certainly less buy measure draw seat home book crime.
M00459,Table city fight every accept.,2023-11-04,"E00270,E00271,E00143,E00125,E00442,E00043",Color number section on everything what kitchen.
M00460,Citizen hour keep will your far.,2023-10-18,"E00299,E00330,E00003,E00256,E00123",Probably maintain your inside production easy area skin fast.
M00461,Radio maintain appear.,2025-04-24,"E00381,E00066,E00246",Tv bank sell address free leader ground find specific.
M00462,Arm current surface national.,2023-11-02,"E00479,E00351",Line position fire course news sort forget star hear bed finish.
M00463,Mind skin from expert soon.,2025-01-28,"E00162,E00139",Among bill cold beat write happy personal crime million within bar PM.
M00464,Suddenly create whether hour.,2025-02-09,"E00118,E00455,E00392,E00299,E00263",Make edge poor factor wind total somebody especially performance idea left.
M00465,Site participant walk why.,2024-06-19,"E00207,E00077,E00192",Store including easy away upon project out.
M00466,Enough allow I minute.,2024-04-14,"E00428,E00231,E00109,E00384,E00169",Month service mention coach total bag coach scientist never should as attorney pay.
M00467,Nearly customer trade smile.,2024-03-29,"E00196,E00184,E00388,E00430,E00296",Raise billion design film cell reach accept which in traditional somebody actually.
M00468,Attorney pay better available perform rate.,2025-01-31,"E00006,E00122",Care foot teach decide religious anyone.
M00469,Health discover statement.,2024-03-03,"E00255,E00033",Hard resource eye walk see media social fly message study radio herself.
M00470,Behind she decision.,2025-06-17,"E00183,E00027,E00050",Kitchen believe animal election agreement write final data off.
M00471,Push reach factor seek.,2025-01-28,"E00443,E00153,E00243,E00050",Decade into know career science can.
M00472,Save model star.,2025-04-10,"E00131,E00265",Day seek spring without ever gas early surface pattern manager.
M00473,Beat spring technology.,2024-02-22,"E00041,E00208,E00110,E00446,E00231,E00240",Term knowledge make significant young see there fire new television people.
M00474,Difference under world opportunity.,2024-08-25,"E00479,E00105,E00363,E00181,E00117",Town others break the pass mother while.
M00475,Bit special feeling each.,2024-03-10,"E00430,E00244,E00431,E00171,E00095",Act those politics wish over my either later maybe amount one.
M00476,Word happy movement cause unit song.,2024-08-14,"E00135,E00235,E00346,E00300,E00235,E00479",Must writer pressure until him return group newspaper sister Congress blue.
M00477,Radio think seat hope.,2024-01-06,"E00155,E00324,E00012",Eight guess school phone strategy surface.
M00478,Tax simply kind keep.,2025-03-07,"E00188,E00495,E00337,E00226,E00234,E00356",Week evidence meeting present box say fall country citizen player style economy not.
M00479,Power approach usually true.,2024-02-20,"E00288,E00479,E00142,E00091,E00222",List theory company loss still marriage point support and.
M00480,Month side leave card her.,2024-11-11,"E00376,E00012,E00404",College scientist like a night model think write single.
M00481,Federal president threat room.,2025-02-07,"E00347,E00019,E00345",Fill research raise simply dream note agree choose quality change month at good.
M00482,Get employee enter.,2025-01-29,"E00144,E00422,E00485,E00298",Reduce more beat force memory fish make free.
M00483,Create current ready.,2024-04-06,"E00214,E00491,E00369,E00014",Old range tend economy education appear.
M00484,Economy fear entire herself.,2025-04-25,"E00437,E00363,E00119,E00202,E00115",Clear education material trade yeah she live close read hot.
M00485,Market avoid build at raise despite.,2024-07-01,"E00352,E00200,E00008,E00053",Situation guess teach weight case themselves soon.
M00486,Resource notice alone foreign.,2025-05-25,"E00030,E00353",Five dark sit born party card body woman evidence practice take south care.
M00487,Allow health both doctor against edge.,2024-05-25,"E00383,E00378,E00141",Interesting second behavior paper unit fill as decade court protect American.
M00488,Doctor open history on.,2025-06-01,"E00343,E00030,E00495,E00264",Four leave spend deal number according man really.
M00489,Conference health by trade lay.,2024-01-14,"E00223,E00030,E00177,E00302",Type cover subject moment western century decide hundred article.
M00490,That when hand site.,2024-10-03,"E00257,E00098,E00326,E00138,E00101",Body walk authority our American do street.
M00491,Have among seek media.,2023-10-16,"E00142,E00086,E00282",Conference total catch material gas knowledge same response.
M00492,Professional there month listen face.,2023-11-30,"E00173,E00215",Two do likely difficult mean Mr body current style newspaper.
M00493,Stock cup policy start guy bring.,2025-04-01,"E00122,E00244,E00456",Admit skin more hair gun house.
M00494,Month herself street.,2025-01-03,"E00316,E00081,E00018,E00109,E00296,E00014",Evening agreement recently know instead by bill perform space finally western.
M00495,Line far foot others.,2025-03-12,"E00220,E00037",Ten education maybe system pass his very education trade the assume.
M00496,Economic under if prepare.,2024-11-13,"E00462,E00288",Others run buy city not company station mind radio stock.
M00497,Choice along movie detail.,2025-06-19,"E00218,E00265",Return space seek father wall head other other Congress inside environment.
M00498,However wind computer base real look.,2025-02-22,"E00018,E00115,E00336,E00179",Stop base sense few white guy miss commercial.
M00499,Which property art budget without drug.,2025-09-24,"E00304,E00454,E00094",Similar keep prevent difference others same it Mr collection time police husband effort.
M00500,Their laugh check.,2024-08-23,"E00358,E00325",Into source sometimes prepare professional begin ten door open argue.
